seq,pos_x,pos_y,pos_z,image_rel
0,0.000000,29.989600,0.175995,images/downcam_000000.png
1,0.000000,29.838990,2.870360,images/downcam_000001.png
2,0.000000,29.836410,5.879002,images/downcam_000002.png
3,0.000000,29.855430,8.890925,images/downcam_000003.png
4,0.000000,29.852040,11.903790,images/downcam_000004.png
5,0.000000,29.846870,14.914060,images/downcam_000005.png
6,0.000000,29.848030,17.926980,images/downcam_000006.png
7,0.000000,29.849520,20.931500,images/downcam_000007.png
8,0.000000,29.849140,23.968630,images/downcam_000008.png
9,0.000000,29.848710,26.976680,images/downcam_000009.png
10,0.000000,29.848830,29.981540,images/downcam_000010.png
11,0.000000,29.848960,32.987830,images/downcam_000011.png
12,0.000000,29.848910,35.995660,images/downcam_000012.png
13,0.000000,29.848900,39.018490,images/downcam_000013.png
14,0.000000,29.848890,42.028660,images/downcam_000014.png
15,0.000000,29.848890,45.033450,images/downcam_000015.png
16,0.000000,29.848900,48.067710,images/downcam_000016.png
17,0.000000,29.848890,51.069230,images/downcam_000017.png
18,0.000000,29.848890,54.072250,images/downcam_000018.png
19,0.000000,29.848890,57.077010,images/downcam_000019.png
20,0.000000,29.848890,60.085590,images/downcam_000020.png
21,0.000000,29.848890,63.087640,images/downcam_000021.png
22,0.000000,29.848890,66.094220,images/downcam_000022.png
23,0.000000,29.848890,69.098360,images/downcam_000023.png
24,0.000000,29.848890,72.103070,images/downcam_000024.png
25,0.000000,29.848890,75.112400,images/downcam_000025.png
26,0.000000,29.848890,78.123540,images/downcam_000026.png
27,0.000000,29.848900,81.155260,images/downcam_000027.png
28,0.000000,29.848890,84.155820,images/downcam_000028.png
29,0.000000,29.848890,87.190520,images/downcam_000029.png
30,0.000000,29.848890,90.199600,images/downcam_000030.png
31,0.000000,29.848890,93.214670,images/downcam_000031.png
32,0.000000,29.848890,96.228320,images/downcam_000032.png
33,0.000000,29.848900,99.234590,images/downcam_000033.png
34,0.000000,29.848890,102.245900,images/downcam_000034.png
35,0.000000,29.848900,105.257800,images/downcam_000035.png
36,0.000000,29.848890,108.262700,images/downcam_000036.png
37,0.000000,29.848890,111.276700,images/downcam_000037.png
38,0.000000,29.848890,114.287100,images/downcam_000038.png
39,0.000000,29.848900,117.298000,images/downcam_000039.png
40,0.000000,29.848900,120.300600,images/downcam_000040.png
41,0.000000,29.848900,123.316300,images/downcam_000041.png
42,0.000000,29.848890,126.336200,images/downcam_000042.png
43,0.000000,29.848890,129.347700,images/downcam_000043.png
44,0.000000,29.848890,132.358600,images/downcam_000044.png
45,0.000000,29.848890,135.376600,images/downcam_000045.png
46,0.000000,29.848890,138.377900,images/downcam_000046.png
47,0.000000,29.848890,141.389800,images/downcam_000047.png
48,0.000000,29.848890,144.395200,images/downcam_000048.png
49,0.000000,29.848890,147.416900,images/downcam_000049.png
50,0.000000,29.848890,150.419700,images/downcam_000050.png
51,0.000000,29.848890,153.429900,images/downcam_000051.png
52,0.000000,29.848890,156.432700,images/downcam_000052.png
53,0.000000,29.848890,159.441700,images/downcam_000053.png
54,0.000000,29.848890,162.447300,images/downcam_000054.png
55,0.000000,29.848890,165.461000,images/downcam_000055.png
56,0.000000,29.848890,168.476300,images/downcam_000056.png
57,0.000000,29.848890,171.492000,images/downcam_000057.png
58,0.000000,29.848890,174.499100,images/downcam_000058.png
59,0.000000,29.848890,177.509800,images/downcam_000059.png
60,0.000000,29.848890,180.519800,images/downcam_000060.png
61,0.000000,29.848890,183.525900,images/downcam_000061.png
62,0.000000,29.848890,186.536600,images/downcam_000062.png
63,0.000000,29.848890,189.548100,images/downcam_000063.png
64,0.000000,29.848890,192.554200,images/downcam_000064.png
65,0.000512,29.848890,195.569100,images/downcam_000065.png
66,0.066985,29.850930,197.795300,images/downcam_000066.png
67,0.434166,29.860100,199.820700,images/downcam_000067.png
68,1.252149,29.863670,201.610200,images/downcam_000068.png
69,2.500452,29.862520,203.056700,images/downcam_000069.png
70,4.106501,29.852020,204.086400,images/downcam_000070.png
71,5.972143,29.839670,204.659700,images/downcam_000071.png
72,7.964378,29.836980,204.764600,images/downcam_000072.png
73,9.945481,29.843390,204.440700,images/downcam_000073.png
74,12.749100,29.852050,203.316300,images/downcam_000074.png
75,15.396890,29.850390,201.883400,images/downcam_000075.png
76,17.505170,29.848300,200.752100,images/downcam_000076.png
77,19.266640,29.848190,199.573800,images/downcam_000077.png
78,20.707520,29.847040,198.100500,images/downcam_000078.png
79,21.735750,29.845610,196.357500,images/downcam_000079.png
80,22.323050,29.846270,194.429900,images/downcam_000080.png
81,22.411350,29.849560,191.421500,images/downcam_000081.png
82,21.866140,29.849690,188.453600,images/downcam_000082.png
83,21.124860,29.848680,185.538400,images/downcam_000083.png
84,20.463660,29.848820,182.611100,images/downcam_000084.png
85,20.172760,29.849420,179.619700,images/downcam_000085.png
86,20.393490,29.849170,176.607100,images/downcam_000086.png
87,20.963830,29.848770,173.656200,images/downcam_000087.png
88,21.722880,29.848830,170.748600,images/downcam_000088.png
89,22.567580,29.848940,167.847900,images/downcam_000089.png
90,23.426930,29.848920,164.964000,images/downcam_000090.png
91,24.272230,29.848910,162.077100,images/downcam_000091.png
92,25.102560,29.848910,159.147600,images/downcam_000092.png
93,25.895970,29.848910,156.244900,images/downcam_000093.png
94,26.663390,29.848910,153.340900,images/downcam_000094.png
95,27.411480,29.848910,150.430100,images/downcam_000095.png
96,28.147690,29.848910,147.506600,images/downcam_000096.png
97,28.875020,29.848910,144.579800,images/downcam_000097.png
98,29.550860,29.848940,141.638800,images/downcam_000098.png
99,29.998880,29.849040,138.653400,images/downcam_000099.png
100,30.211640,29.848910,135.624900,images/downcam_000100.png
101,30.273000,29.848870,132.612000,images/downcam_000101.png
102,30.253670,29.848890,129.611400,images/downcam_000102.png
103,30.199950,29.848890,126.598900,images/downcam_000103.png
104,30.139850,29.848890,123.598200,images/downcam_000104.png
105,30.087090,29.848890,120.589200,images/downcam_000105.png
106,30.047170,29.848890,117.584700,images/downcam_000106.png
107,30.020210,29.848890,114.580800,images/downcam_000107.png
108,30.004020,29.848890,111.567700,images/downcam_000108.png
109,29.995770,29.848890,108.562100,images/downcam_000109.png
110,29.992640,29.848890,105.555100,images/downcam_000110.png
111,29.992470,29.848890,102.549500,images/downcam_000111.png
112,29.993720,29.848890,99.533750,images/downcam_000112.png
113,29.995420,29.848890,96.518010,images/downcam_000113.png
114,29.997010,29.848890,93.511360,images/downcam_000114.png
115,29.998290,29.848890,90.493470,images/downcam_000115.png
116,29.999180,29.848890,87.486190,images/downcam_000116.png
117,29.999740,29.848890,84.467360,images/downcam_000117.png
118,30.000050,29.848890,81.463940,images/downcam_000118.png
119,30.000190,29.848890,78.451280,images/downcam_000119.png
120,30.000210,29.848890,75.445010,images/downcam_000120.png
121,30.000180,29.848890,72.432460,images/downcam_000121.png
122,30.000100,29.848890,69.423220,images/downcam_000122.png
123,30.000020,29.848890,66.409420,images/downcam_000123.png
124,29.995660,29.848900,63.378950,images/downcam_000124.png
125,29.927250,29.848930,60.379600,images/downcam_000125.png
126,29.724810,29.848930,57.374100,images/downcam_000126.png
127,29.421050,29.848910,54.372060,images/downcam_000127.png
128,29.053790,29.848910,51.380360,images/downcam_000128.png
129,28.653740,29.848910,48.394920,images/downcam_000129.png
130,28.244010,29.848910,45.419270,images/downcam_000130.png
131,27.837180,29.848910,42.443470,images/downcam_000131.png
132,27.437870,29.848910,39.452330,images/downcam_000132.png
133,27.051170,29.848910,36.472820,images/downcam_000133.png
134,26.672030,29.848910,33.479750,images/downcam_000134.png
135,26.300960,29.848910,30.501890,images/downcam_000135.png
136,25.931760,29.848920,27.515470,images/downcam_000136.png
137,25.563270,29.848910,24.529420,images/downcam_000137.png
138,25.343520,29.851840,22.271120,images/downcam_000138.png
139,25.432390,29.875190,20.251070,images/downcam_000139.png
140,25.956810,29.907800,18.501300,images/downcam_000140.png
141,26.872630,29.925760,17.134240,images/downcam_000141.png
142,28.123780,29.913480,16.161270,images/downcam_000142.png
143,29.671700,29.873710,15.568060,images/downcam_000143.png
144,31.454330,29.838410,15.355110,images/downcam_000144.png
145,33.372920,29.830970,15.534820,images/downcam_000145.png
146,35.434490,29.843950,16.143750,images/downcam_000146.png
147,37.267610,29.854220,17.093670,images/downcam_000147.png
148,38.819190,29.854600,18.386410,images/downcam_000148.png
149,39.990240,29.850350,19.999710,images/downcam_000149.png
150,40.969190,29.847550,22.843740,images/downcam_000150.png
151,41.223730,29.848850,25.854250,images/downcam_000151.png
152,41.112590,29.849300,28.873580,images/downcam_000152.png
153,40.862660,29.848890,31.882180,images/downcam_000153.png
154,40.593930,29.848790,34.893590,images/downcam_000154.png
155,40.365260,29.848910,37.888850,images/downcam_000155.png
156,40.194170,29.848940,40.891830,images/downcam_000156.png
157,40.080010,29.848910,43.900770,images/downcam_000157.png
158,40.012460,29.848910,46.920130,images/downcam_000158.png
159,39.978850,29.848910,49.931330,images/downcam_000159.png
160,39.966880,29.848910,52.945210,images/downcam_000160.png
161,39.967120,29.848910,55.953370,images/downcam_000161.png
162,39.973030,29.848910,58.962040,images/downcam_000162.png
163,39.980540,29.848910,61.980810,images/downcam_000163.png
164,39.987450,29.848910,64.983100,images/downcam_000164.png
165,39.992890,29.848910,67.987600,images/downcam_000165.png
166,39.996690,29.848910,70.993390,images/downcam_000166.png
167,39.999050,29.848910,74.016270,images/downcam_000167.png
168,40.000320,29.848910,77.032690,images/downcam_000168.png
169,40.000850,29.848910,80.045430,images/downcam_000169.png
170,40.000950,29.848910,83.064250,images/downcam_000170.png
171,40.000820,29.848910,86.080670,images/downcam_000171.png
172,40.000660,29.848910,89.092470,images/downcam_000172.png
173,40.000500,29.848910,92.094470,images/downcam_000173.png
174,40.000330,29.848910,95.095060,images/downcam_000174.png
175,40.000170,29.848910,98.103630,images/downcam_000175.png
176,40.000030,29.848910,101.112400,images/downcam_000176.png
177,40.000030,29.848910,104.120800,images/downcam_000177.png
178,40.000030,29.848910,107.122900,images/downcam_000178.png
179,40.000030,29.848910,110.126200,images/downcam_000179.png
180,40.000030,29.848910,113.140600,images/downcam_000180.png
181,40.000030,29.848910,116.152100,images/downcam_000181.png
182,40.000030,29.848910,119.170800,images/downcam_000182.png
183,40.000030,29.848910,122.193800,images/downcam_000183.png
184,40.000030,29.848910,125.194400,images/downcam_000184.png
185,40.000030,29.848910,128.198500,images/downcam_000185.png
186,40.000030,29.848910,131.200800,images/downcam_000186.png
187,40.000030,29.848910,134.212600,images/downcam_000187.png
188,40.000030,29.848910,137.221400,images/downcam_000188.png
189,40.000030,29.848910,140.224600,images/downcam_000189.png
190,40.000030,29.848910,143.241400,images/downcam_000190.png
191,40.000030,29.848910,146.251800,images/downcam_000191.png
192,40.000030,29.848910,149.265900,images/downcam_000192.png
193,40.000040,29.848910,152.271400,images/downcam_000193.png
194,40.000030,29.848910,155.280700,images/downcam_000194.png
195,40.000030,29.848910,158.293100,images/downcam_000195.png
196,40.000030,29.848910,161.305500,images/downcam_000196.png
197,40.000030,29.848910,164.354200,images/downcam_000197.png
198,40.000030,29.848910,167.354700,images/downcam_000198.png
199,40.000030,29.848910,170.359600,images/downcam_000199.png
200,40.000030,29.848910,173.363600,images/downcam_000200.png
201,40.000030,29.848910,176.365400,images/downcam_000201.png
202,40.000030,29.848910,179.376600,images/downcam_000202.png
203,40.000030,29.848910,182.388000,images/downcam_000203.png
204,40.000030,29.848910,185.399000,images/downcam_000204.png
205,40.000030,29.848910,188.401500,images/downcam_000205.png
206,40.000030,29.848910,191.403100,images/downcam_000206.png
207,40.000030,29.848910,194.409700,images/downcam_000207.png
208,40.040870,29.849800,197.413800,images/downcam_000208.png
209,40.338400,29.859140,199.484100,images/downcam_000209.png
210,41.080030,29.863980,201.329000,images/downcam_000210.png
211,42.266590,29.863540,202.845900,images/downcam_000211.png
212,43.815400,29.854210,203.944100,images/downcam_000212.png
213,45.648780,29.841050,204.595000,images/downcam_000213.png
214,47.639570,29.836570,204.775200,images/downcam_000214.png
215,49.627120,29.842130,204.515700,images/downcam_000215.png
216,52.442360,29.851730,203.465900,images/downcam_000216.png
217,55.088270,29.850770,202.045000,images/downcam_000217.png
218,57.482040,29.848300,200.762100,images/downcam_000218.png
219,59.234180,29.848060,199.591200,images/downcam_000219.png
220,60.677700,29.846090,198.089500,images/downcam_000220.png
221,61.683760,29.844020,196.316000,images/downcam_000221.png
222,62.245880,29.845320,194.372000,images/downcam_000222.png
223,62.368750,29.849860,191.358400,images/downcam_000223.png
224,61.996420,29.849870,188.361400,images/downcam_000224.png
225,61.472570,29.848570,185.375800,images/downcam_000225.png
226,60.975940,29.848640,182.415100,images/downcam_000226.png
227,60.574140,29.849020,179.439500,images/downcam_000227.png
228,60.285660,29.848980,176.447200,images/downcam_000228.png
229,60.100460,29.848870,173.441000,images/downcam_000229.png
230,59.996530,29.848880,170.438100,images/downcam_000230.png
231,59.948560,29.848890,167.434700,images/downcam_000231.png
232,59.935140,29.848890,164.423000,images/downcam_000232.png
233,59.940280,29.848890,161.414700,images/downcam_000233.png
234,59.953200,29.848890,158.403800,images/downcam_000234.png
235,59.967420,29.848890,155.401200,images/downcam_000235.png
236,59.979790,29.848890,152.400100,images/downcam_000236.png
237,59.989130,29.848890,149.397200,images/downcam_000237.png
238,59.995410,29.848890,146.388700,images/downcam_000238.png
239,59.999150,29.848890,143.379800,images/downcam_000239.png
240,60.001050,29.848890,140.361900,images/downcam_000240.png
241,60.001750,29.848890,137.354700,images/downcam_000241.png
242,60.001770,29.848890,134.331600,images/downcam_000242.png
243,60.001460,29.848890,131.328900,images/downcam_000243.png
244,60.001140,29.848890,128.314700,images/downcam_000244.png
245,60.000810,29.848890,125.301400,images/downcam_000245.png
246,60.000480,29.848890,122.296000,images/downcam_000246.png
247,60.000260,29.848890,119.263800,images/downcam_000247.png
248,60.000090,29.848890,116.261000,images/downcam_000248.png
249,59.999990,29.848890,113.257300,images/downcam_000249.png
250,59.999990,29.848890,110.257000,images/downcam_000250.png
251,59.999990,29.848890,107.255100,images/downcam_000251.png
252,59.999990,29.848890,104.248700,images/downcam_000252.png
253,59.999990,29.848890,101.235600,images/downcam_000253.png
254,59.999990,29.848890,98.226070,images/downcam_000254.png
255,59.999990,29.848890,95.192920,images/downcam_000255.png
256,59.999990,29.848890,92.184900,images/downcam_000256.png
257,59.999990,29.848890,89.168600,images/downcam_000257.png
258,59.999990,29.848890,86.161700,images/downcam_000258.png
259,59.999990,29.848890,83.152920,images/downcam_000259.png
260,59.999990,29.848890,80.152900,images/downcam_000260.png
261,59.999990,29.848890,77.145680,images/downcam_000261.png
262,59.999990,29.848890,74.131950,images/downcam_000262.png
263,59.999990,29.848890,71.125890,images/downcam_000263.png
264,59.999990,29.848890,68.117130,images/downcam_000264.png
265,59.999990,29.848890,65.116630,images/downcam_000265.png
266,59.999990,29.848890,62.108450,images/downcam_000266.png
267,59.999990,29.848890,59.096100,images/downcam_000267.png
268,59.999990,29.848890,56.079960,images/downcam_000268.png
269,59.999990,29.848890,53.076890,images/downcam_000269.png
270,59.999990,29.848890,50.075960,images/downcam_000270.png
271,59.999990,29.848890,47.064730,images/downcam_000271.png
272,59.999990,29.848890,44.053500,images/downcam_000272.png
273,59.999990,29.848890,41.050190,images/downcam_000273.png
274,59.999990,29.848890,38.040970,images/downcam_000274.png
275,59.999990,29.848890,35.037990,images/downcam_000275.png
276,59.999990,29.848890,32.036390,images/downcam_000276.png
277,59.999990,29.848890,29.034090,images/downcam_000277.png
278,60.000000,29.848890,26.028390,images/downcam_000278.png
279,60.021290,29.849160,23.017180,images/downcam_000279.png
280,60.242940,29.857080,20.931270,images/downcam_000280.png
281,60.887670,29.863240,19.032460,images/downcam_000281.png
282,61.987810,29.864000,17.436740,images/downcam_000282.png
283,63.487560,29.856780,16.236270,images/downcam_000283.png
284,65.271970,29.843330,15.495080,images/downcam_000284.png
285,67.229010,29.836540,15.222470,images/downcam_000285.png
286,69.239490,29.840560,15.399770,images/downcam_000286.png
287,72.103200,29.851110,16.367450,images/downcam_000287.png
288,74.774820,29.851180,17.782500,images/downcam_000288.png
289,77.427090,29.848330,19.205510,images/downcam_000289.png
290,79.175690,29.848070,20.361270,images/downcam_000290.png
291,80.616770,29.846210,21.831670,images/downcam_000291.png
292,81.636110,29.844060,23.577270,images/downcam_000292.png
293,82.223210,29.845170,25.518180,images/downcam_000293.png
294,82.373760,29.849750,28.517230,images/downcam_000294.png
295,82.016720,29.849940,31.498830,images/downcam_000295.png
296,81.497520,29.848600,34.474330,images/downcam_000296.png
297,80.996600,29.848620,37.443600,images/downcam_000297.png
298,80.583050,29.849020,40.477940,images/downcam_000298.png
299,80.291440,29.848990,43.474820,images/downcam_000299.png
300,80.103780,29.848870,46.486600,images/downcam_000300.png
301,79.997540,29.848880,49.520590,images/downcam_000301.png
302,79.948900,29.848890,52.537480,images/downcam_000302.png
303,79.935260,29.848890,55.537600,images/downcam_000303.png
304,79.940290,29.848890,58.555690,images/downcam_000304.png
305,79.953190,29.848890,61.574500,images/downcam_000305.png
306,79.967470,29.848890,64.588500,images/downcam_000306.png
307,79.979900,29.848890,67.611620,images/downcam_000307.png
308,79.989200,29.848890,70.613560,images/downcam_000308.png
309,79.995470,29.848890,73.621640,images/downcam_000309.png
310,79.999180,29.848890,76.628220,images/downcam_000310.png
311,80.001080,29.848890,79.644420,images/downcam_000311.png
312,80.001750,29.848890,82.652410,images/downcam_000312.png
313,80.001790,29.848890,85.662780,images/downcam_000313.png
314,80.001460,29.848890,88.674040,images/downcam_000314.png
315,80.001130,29.848890,91.687990,images/downcam_000315.png
316,80.000800,29.848890,94.710830,images/downcam_000316.png
317,80.000470,29.848890,97.725700,images/downcam_000317.png
318,80.000140,29.848890,100.741600,images/downcam_000318.png
319,80.000070,29.848890,103.787100,images/downcam_000319.png
320,80.000070,29.848890,106.800700,images/downcam_000320.png
321,80.000070,29.848890,109.808200,images/downcam_000321.png
322,80.000070,29.848890,112.845300,images/downcam_000322.png
323,80.000070,29.848890,115.849600,images/downcam_000323.png
324,80.000070,29.848890,118.855400,images/downcam_000324.png
325,80.000070,29.848890,121.855900,images/downcam_000325.png
326,80.000070,29.848890,124.866100,images/downcam_000326.png
327,80.000070,29.848890,127.870600,images/downcam_000327.png
328,80.000070,29.848890,130.874700,images/downcam_000328.png
329,80.000070,29.848890,133.887400,images/downcam_000329.png
330,80.000070,29.848890,136.910000,images/downcam_000330.png
331,80.000070,29.848890,139.925800,images/downcam_000331.png
332,80.000070,29.848890,142.937400,images/downcam_000332.png
333,80.000070,29.848890,145.966500,images/downcam_000333.png
334,80.000070,29.848890,148.980900,images/downcam_000334.png
335,80.000080,29.848890,151.983800,images/downcam_000335.png
336,80.000070,29.848890,155.018100,images/downcam_000336.png
337,80.000070,29.848890,158.021900,images/downcam_000337.png
338,80.000070,29.848890,161.034900,images/downcam_000338.png
339,80.000070,29.848890,164.035800,images/downcam_000339.png
340,80.000070,29.848890,167.037400,images/downcam_000340.png
341,80.000070,29.848890,170.059200,images/downcam_000341.png
342,80.000070,29.848890,173.065200,images/downcam_000342.png
343,80.000070,29.848890,176.082400,images/downcam_000343.png
344,80.000070,29.848890,179.109700,images/downcam_000344.png
345,80.000070,29.848890,182.111800,images/downcam_000345.png
346,80.000070,29.848890,185.118500,images/downcam_000346.png
347,80.000070,29.848890,188.121600,images/downcam_000347.png
348,80.000070,29.848890,191.133500,images/downcam_000348.png
349,80.000070,29.848890,194.144600,images/downcam_000349.png
350,80.027850,29.849340,197.149500,images/downcam_000350.png
351,80.278140,29.857750,199.230600,images/downcam_000351.png
352,80.962200,29.863210,201.111600,images/downcam_000352.png
353,82.095100,29.863690,202.675100,images/downcam_000353.png
354,83.603910,29.855930,203.830500,images/downcam_000354.png
355,85.391890,29.842670,204.536700,images/downcam_000355.png
356,87.344250,29.836550,204.780400,images/downcam_000356.png
357,89.341810,29.840930,204.581500,images/downcam_000357.png
358,92.180190,29.851250,203.598000,images/downcam_000358.png
359,94.843570,29.851110,202.181800,images/downcam_000359.png
360,97.504910,29.848300,200.751700,images/downcam_000360.png
361,99.262130,29.848030,199.568300,images/downcam_000361.png
362,100.690500,29.846020,198.068300,images/downcam_000362.png
363,101.690300,29.844000,196.289100,images/downcam_000363.png
364,102.248200,29.845410,194.328200,images/downcam_000364.png
365,102.361200,29.849890,191.324500,images/downcam_000365.png
366,101.987400,29.849850,188.332600,images/downcam_000366.png
367,101.467400,29.848570,185.364600,images/downcam_000367.png
368,100.971500,29.848650,182.399900,images/downcam_000368.png
369,100.570300,29.849020,179.416200,images/downcam_000369.png
370,100.280000,29.848980,176.381300,images/downcam_000370.png
371,100.096900,29.848870,173.368000,images/downcam_000371.png
372,99.994890,29.848880,170.368300,images/downcam_000372.png
373,99.947910,29.848890,167.351100,images/downcam_000373.png
374,99.935200,29.848890,164.347900,images/downcam_000374.png
375,99.940680,29.848890,161.335100,images/downcam_000375.png
376,99.953710,29.848890,158.319200,images/downcam_000376.png
377,99.968000,29.848890,155.295000,images/downcam_000377.png
378,99.980270,29.848890,152.289100,images/downcam_000378.png
379,99.989470,29.848890,149.282900,images/downcam_000379.png
380,99.995640,29.848890,146.267700,images/downcam_000380.png
381,99.999280,29.848890,143.257800,images/downcam_000381.png
382,100.001100,29.848890,140.240000,images/downcam_000382.png
383,100.001800,29.848890,137.225000,images/downcam_000383.png
384,100.001800,29.848890,134.222700,images/downcam_000384.png
385,100.001400,29.848890,131.208000,images/downcam_000385.png
386,100.001100,29.848890,128.182900,images/downcam_000386.png
387,100.000800,29.848890,125.180000,images/downcam_000387.png
388,100.000500,29.848890,122.164500,images/downcam_000388.png
389,100.000100,29.848890,119.158700,images/downcam_000389.png
390,100.000100,29.848890,116.143900,images/downcam_000390.png
391,100.000100,29.848890,113.118600,images/downcam_000391.png
392,100.000100,29.848890,110.098700,images/downcam_000392.png
393,100.000100,29.848890,107.078400,images/downcam_000393.png
394,100.000100,29.848890,104.076500,images/downcam_000394.png
395,100.000100,29.848890,101.070200,images/downcam_000395.png
396,100.000100,29.848890,98.066340,images/downcam_000396.png
397,100.000100,29.848890,95.035180,images/downcam_000397.png
398,100.000100,29.848890,92.010600,images/downcam_000398.png
399,100.000100,29.848890,89.006520,images/downcam_000399.png
400,100.000100,29.848890,85.992030,images/downcam_000400.png
401,100.000100,29.848890,82.983900,images/downcam_000401.png
402,100.000100,29.848890,79.976040,images/downcam_000402.png
403,100.000100,29.848890,76.954650,images/downcam_000403.png
404,100.000100,29.848890,73.946580,images/downcam_000404.png
405,100.000100,29.848890,70.937370,images/downcam_000405.png
406,100.000100,29.848890,67.920360,images/downcam_000406.png
407,100.000100,29.848890,64.917520,images/downcam_000407.png
408,100.000100,29.848890,61.907570,images/downcam_000408.png
409,100.000100,29.848890,58.897250,images/downcam_000409.png
410,100.000100,29.848890,55.889510,images/downcam_000410.png
411,100.000100,29.848890,52.886910,images/downcam_000411.png
412,100.000100,29.848890,49.885220,images/downcam_000412.png
413,100.000100,29.848890,46.876670,images/downcam_000413.png
414,100.000100,29.848890,43.850190,images/downcam_000414.png
415,100.000100,29.848890,40.849420,images/downcam_000415.png
416,100.000100,29.848890,37.841000,images/downcam_000416.png
417,100.000100,29.848890,34.830510,images/downcam_000417.png
418,100.000100,29.848890,31.825140,images/downcam_000418.png
419,100.000100,29.848890,28.814840,images/downcam_000419.png
420,100.000100,29.848890,25.807190,images/downcam_000420.png
421,100.029800,29.849400,22.805970,images/downcam_000421.png
422,100.285300,29.857850,20.738470,images/downcam_000422.png
423,100.971600,29.863150,18.871260,images/downcam_000423.png
424,102.102900,29.863630,17.316990,images/downcam_000424.png
425,103.618800,29.855830,16.161130,images/downcam_000425.png
426,105.412900,29.842580,15.457670,images/downcam_000426.png
427,107.368000,29.836560,15.219050,images/downcam_000427.png
428,109.360800,29.840990,15.421780,images/downcam_000428.png
429,112.256500,29.851390,16.437950,images/downcam_000429.png
430,114.904500,29.851030,17.850770,images/downcam_000430.png
431,117.534400,29.848290,19.264670,images/downcam_000431.png
432,119.271500,29.848070,20.435860,images/downcam_000432.png
433,120.700800,29.846140,21.935540,images/downcam_000433.png
434,121.696000,29.844100,23.704220,images/downcam_000434.png
435,122.254000,29.845400,25.659870,images/downcam_000435.png
436,122.367200,29.849860,28.674320,images/downcam_000436.png
437,121.991700,29.849850,31.665000,images/downcam_000437.png
438,121.472300,29.848580,34.621030,images/downcam_000438.png
439,120.973800,29.848650,37.593200,images/downcam_000439.png
440,120.570600,29.849020,40.585210,images/downcam_000440.png
441,120.281800,29.848980,43.595390,images/downcam_000441.png
442,120.098400,29.848870,46.596160,images/downcam_000442.png
443,119.995400,29.848880,49.602870,images/downcam_000443.png
444,119.948100,29.848890,52.606030,images/downcam_000444.png
445,119.935100,29.848890,55.613780,images/downcam_000445.png
446,119.940400,29.848890,58.615640,images/downcam_000446.png
447,119.953500,29.848890,61.637000,images/downcam_000447.png
448,119.967700,29.848890,64.648570,images/downcam_000448.png
449,119.980000,29.848890,67.652830,images/downcam_000449.png
450,119.989300,29.848890,70.664830,images/downcam_000450.png
451,119.995500,29.848890,73.678220,images/downcam_000451.png
452,119.999200,29.848890,76.691440,images/downcam_000452.png
453,120.001100,29.848890,79.700680,images/downcam_000453.png
454,120.001800,29.848890,82.707640,images/downcam_000454.png
455,120.001800,29.848890,85.733580,images/downcam_000455.png
456,120.001500,29.848890,88.752170,images/downcam_000456.png
457,120.001100,29.848890,91.763420,images/downcam_000457.png
458,120.000800,29.848890,94.771840,images/downcam_000458.png
459,120.000500,29.848890,97.784260,images/downcam_000459.png
460,120.000100,29.848890,100.787800,images/downcam_000460.png
461,120.000100,29.848890,103.801300,images/downcam_000461.png
462,120.000100,29.848890,106.812600,images/downcam_000462.png
463,120.000100,29.848890,109.815600,images/downcam_000463.png
464,120.000100,29.848890,112.828700,images/downcam_000464.png
465,120.000100,29.848890,115.838000,images/downcam_000465.png
466,120.000100,29.848890,118.840600,images/downcam_000466.png
467,120.000100,29.848890,121.849000,images/downcam_000467.png
468,120.000100,29.848890,124.855900,images/downcam_000468.png
469,120.000100,29.848890,127.860500,images/downcam_000469.png
470,120.000100,29.848890,130.867200,images/downcam_000470.png
471,120.000100,29.848890,133.871800,images/downcam_000471.png
472,120.000100,29.848890,136.884900,images/downcam_000472.png
473,120.000100,29.848890,139.895400,images/downcam_000473.png
474,120.000100,29.848890,142.900000,images/downcam_000474.png
475,120.000100,29.848890,145.901000,images/downcam_000475.png
476,120.000100,29.848890,148.904600,images/downcam_000476.png
477,120.000100,29.848890,151.912000,images/downcam_000477.png
478,120.000100,29.848890,154.923500,images/downcam_000478.png
479,120.000100,29.848890,157.929700,images/downcam_000479.png
480,120.000100,29.848890,160.934300,images/downcam_000480.png
481,120.000100,29.848890,163.935700,images/downcam_000481.png
482,120.000100,29.848890,166.943600,images/downcam_000482.png
483,120.000100,29.848890,169.955100,images/downcam_000483.png
484,120.000100,29.848890,172.964700,images/downcam_000484.png
485,120.000100,29.848890,175.978300,images/downcam_000485.png
486,120.000100,29.848890,178.987900,images/downcam_000486.png
487,120.000100,29.848890,181.997600,images/downcam_000487.png
488,120.000100,29.848890,185.014400,images/downcam_000488.png
489,120.000100,29.848890,188.021900,images/downcam_000489.png
490,120.000100,29.848890,191.034200,images/downcam_000490.png
491,120.000100,29.848890,194.043900,images/downcam_000491.png
492,120.023800,29.849220,197.048500,images/downcam_000492.png
493,120.255800,29.857060,199.125600,images/downcam_000493.png
494,120.911900,29.862640,201.011600,images/downcam_000494.png
495,122.017400,29.863550,202.592800,images/downcam_000495.png
496,123.523300,29.856590,203.784700,images/downcam_000496.png
497,125.300800,29.843380,204.514500,images/downcam_000497.png
498,127.262400,29.836630,204.781400,images/downcam_000498.png
499,129.264500,29.840590,204.599700,images/downcam_000499.png
500,132.122200,29.851100,203.629200,images/downcam_000500.png
501,134.773700,29.851210,202.223200,images/downcam_000501.png
502,137.425100,29.848350,200.799000,images/downcam_000502.png
503,139.182300,29.848100,199.636900,images/downcam_000503.png
504,140.627100,29.846280,198.160100,images/downcam_000504.png
505,141.648700,29.844130,196.400800,images/downcam_000505.png
506,142.230500,29.845240,194.452700,images/downcam_000506.png
507,142.370900,29.849780,191.436600,images/downcam_000507.png
508,142.006000,29.849900,188.440900,images/downcam_000508.png
509,141.486100,29.848590,185.468500,images/downcam_000509.png
510,140.986000,29.848630,182.495600,images/downcam_000510.png
511,140.580900,29.849020,179.510800,images/downcam_000511.png
512,140.288800,29.848990,176.499300,images/downcam_000512.png
513,140.102600,29.848870,173.498100,images/downcam_000513.png
514,139.997700,29.848880,170.497200,images/downcam_000514.png
515,139.948900,29.848890,167.484200,images/downcam_000515.png
516,139.935200,29.848890,164.463200,images/downcam_000516.png
517,139.940200,29.848890,161.459000,images/downcam_000517.png
518,139.953100,29.848890,158.440000,images/downcam_000518.png
519,139.967400,29.848890,155.417500,images/downcam_000519.png
520,139.979800,29.848890,152.414400,images/downcam_000520.png
521,139.989200,29.848890,149.409200,images/downcam_000521.png
522,139.995400,29.848890,146.409100,images/downcam_000522.png
523,139.999200,29.848890,143.400800,images/downcam_000523.png
524,140.001100,29.848890,140.387300,images/downcam_000524.png
525,140.001800,29.848890,137.385600,images/downcam_000525.png
526,140.001800,29.848890,134.377100,images/downcam_000526.png
527,140.001500,29.848890,131.310800,images/downcam_000527.png
528,140.000800,29.848890,128.302600,images/downcam_000528.png
529,140.000400,29.848890,125.295600,images/downcam_000529.png
530,140.000400,29.848890,122.274200,images/downcam_000530.png
531,140.000400,29.848890,119.272300,images/downcam_000531.png
532,140.000400,29.848890,116.256000,images/downcam_000532.png
533,140.000400,29.848890,113.245400,images/downcam_000533.png
534,140.000400,29.848890,110.244300,images/downcam_000534.png
535,140.000400,29.848890,107.225800,images/downcam_000535.png
536,140.000400,29.848890,104.210900,images/downcam_000536.png
537,140.000400,29.848890,101.206300,images/downcam_000537.png
538,140.000400,29.848890,98.200290,images/downcam_000538.png
539,140.000400,29.848890,95.194150,images/downcam_000539.png
540,140.000400,29.848890,92.176990,images/downcam_000540.png
541,140.000400,29.848890,89.163830,images/downcam_000541.png
542,140.000400,29.848890,86.158710,images/downcam_000542.png
543,140.000400,29.848890,83.150570,images/downcam_000543.png
544,140.000400,29.848890,80.142460,images/downcam_000544.png
545,140.000400,29.848890,77.109180,images/downcam_000545.png
546,140.000400,29.848890,74.099390,images/downcam_000546.png
547,140.000400,29.848890,71.082890,images/downcam_000547.png
548,140.000400,29.848890,68.072980,images/downcam_000548.png
549,140.000400,29.848890,65.063020,images/downcam_000549.png
550,140.000400,29.848890,62.057810,images/downcam_000550.png
551,140.000400,29.848890,59.056170,images/downcam_000551.png
552,140.000400,29.848890,56.045840,images/downcam_000552.png
553,140.000400,29.848890,53.043010,images/downcam_000553.png
554,140.000400,29.848890,50.026270,images/downcam_000554.png
555,140.000400,29.848890,47.018390,images/downcam_000555.png
556,140.000400,29.848890,44.010190,images/downcam_000556.png
557,140.000400,29.848890,41.004140,images/downcam_000557.png
558,140.000400,29.848890,37.991590,images/downcam_000558.png
559,140.000400,29.848890,34.986890,images/downcam_000559.png
560,140.000400,29.848890,31.982910,images/downcam_000560.png
561,140.000400,29.848890,28.980470,images/downcam_000561.png
562,140.000400,29.848890,25.968410,images/downcam_000562.png
563,140.023800,29.849220,22.955570,images/downcam_000563.png
564,140.256200,29.857010,20.873320,images/downcam_000564.png
565,140.912300,29.862530,18.987940,images/downcam_000565.png
566,142.018500,29.863510,17.405980,images/downcam_000566.png
567,143.517200,29.856680,16.218450,images/downcam_000567.png
568,145.294400,29.843480,15.486570,images/downcam_000568.png
569,147.252500,29.836640,15.217910,images/downcam_000569.png
570,149.243700,29.840490,15.395260,images/downcam_000570.png
571,152.092700,29.851020,16.355770,images/downcam_000571.png
572,154.763100,29.851230,17.769990,images/downcam_000572.png
573,157.423400,29.848350,19.199470,images/downcam_000573.png
574,159.182400,29.848090,20.363200,images/downcam_000574.png
575,160.629600,29.846260,21.844340,images/downcam_000575.png
576,161.647600,29.844130,23.599820,images/downcam_000576.png
577,162.226300,29.845230,25.532680,images/downcam_000577.png
578,162.369900,29.849770,28.554680,images/downcam_000578.png
579,162.003500,29.849890,31.566780,images/downcam_000579.png
580,161.485300,29.848590,34.530770,images/downcam_000580.png
581,160.987300,29.848630,37.492500,images/downcam_000581.png
582,160.581600,29.849020,40.480270,images/downcam_000582.png
583,160.291300,29.848990,43.466460,images/downcam_000583.png
584,160.103400,29.848870,46.483630,images/downcam_000584.png
585,159.997300,29.848880,49.522280,images/downcam_000585.png
586,159.948800,29.848890,52.537390,images/downcam_000586.png
587,159.935300,29.848890,55.551520,images/downcam_000587.png
588,159.940400,29.848890,58.560490,images/downcam_000588.png
589,159.953300,29.848890,61.578090,images/downcam_000589.png
590,159.967500,29.848890,64.592860,images/downcam_000590.png
591,159.979900,29.848890,67.599300,images/downcam_000591.png
592,159.989200,29.848890,70.607690,images/downcam_000592.png
593,159.995500,29.848890,73.631420,images/downcam_000593.png
594,159.999200,29.848890,76.632320,images/downcam_000594.png
595,160.001100,29.848890,79.648640,images/downcam_000595.png
596,160.001800,29.848890,82.652500,images/downcam_000596.png
597,160.001800,29.848890,85.658420,images/downcam_000597.png
598,160.001500,29.848890,88.671340,images/downcam_000598.png
599,160.000900,29.848890,91.687660,images/downcam_000599.png
600,160.000400,29.848890,94.696430,images/downcam_000600.png
601,160.000400,29.848890,97.705770,images/downcam_000601.png
602,160.000400,29.848890,100.718100,images/downcam_000602.png
603,160.000400,29.848890,103.720600,images/downcam_000603.png
604,160.000400,29.848890,106.725800,images/downcam_000604.png
605,160.000400,29.848890,109.746400,images/downcam_000605.png
606,160.000400,29.848890,112.752700,images/downcam_000606.png
607,160.000400,29.848890,115.770100,images/downcam_000607.png
608,160.000400,29.848890,118.772300,images/downcam_000608.png
609,160.000400,29.848890,121.823900,images/downcam_000609.png
610,160.000400,29.848890,124.828400,images/downcam_000610.png
611,160.000400,29.848890,127.839100,images/downcam_000611.png
612,160.000400,29.848890,130.849200,images/downcam_000612.png
613,160.000400,29.848890,133.862400,images/downcam_000613.png
614,160.000400,29.848890,136.877900,images/downcam_000614.png
615,160.000400,29.848890,139.885800,images/downcam_000615.png
616,160.000400,29.848890,142.888300,images/downcam_000616.png
617,160.000400,29.848890,145.902900,images/downcam_000617.png
618,160.000400,29.848890,148.945300,images/downcam_000618.png
619,160.000400,29.848890,151.958500,images/downcam_000619.png
620,160.000400,29.848890,154.988000,images/downcam_000620.png
621,160.000400,29.848890,158.017100,images/downcam_000621.png
622,160.000400,29.848890,161.036000,images/downcam_000622.png
623,160.000400,29.848890,164.046600,images/downcam_000623.png
624,160.000400,29.848890,167.055900,images/downcam_000624.png
625,160.000400,29.848890,170.069600,images/downcam_000625.png
626,160.000400,29.848890,173.078600,images/downcam_000626.png
627,160.000400,29.848890,176.094300,images/downcam_000627.png
628,160.000400,29.848890,179.110700,images/downcam_000628.png
629,160.000400,29.848890,182.128600,images/downcam_000629.png
630,160.000400,29.848890,185.146600,images/downcam_000630.png
631,160.000400,29.848890,188.170000,images/downcam_000631.png
632,160.000400,29.848890,191.193000,images/downcam_000632.png
633,160.000400,29.848890,194.206900,images/downcam_000633.png
634,160.031500,29.849450,197.226900,images/downcam_000634.png
635,160.297700,29.858470,199.319600,images/downcam_000635.png
636,160.998200,29.863930,201.182900,images/downcam_000636.png
637,162.146600,29.863940,202.729100,images/downcam_000637.png
638,163.681500,29.855260,203.873300,images/downcam_000638.png
639,165.491200,29.841880,204.559200,images/downcam_000639.png
640,167.446700,29.836470,204.777500,images/downcam_000640.png
641,169.443600,29.841390,204.556100,images/downcam_000641.png
642,172.273500,29.851470,203.547800,images/downcam_000642.png
643,174.930300,29.850970,202.129800,images/downcam_000643.png
644,177.528000,29.848280,200.735400,images/downcam_000644.png
645,179.273000,29.848040,199.559200,images/downcam_000645.png
646,180.689900,29.846070,198.074000,images/downcam_000646.png
647,181.684800,29.844020,196.316100,images/downcam_000647.png
648,182.247400,29.845310,194.370200,images/downcam_000648.png
649,182.369100,29.849860,191.344700,images/downcam_000649.png
650,181.993200,29.849860,188.335100,images/downcam_000650.png
651,181.467900,29.848570,185.344600,images/downcam_000651.png
652,180.967600,29.848650,182.357000,images/downcam_000652.png
653,180.566900,29.849030,179.373300,images/downcam_000653.png
654,180.280000,29.848980,176.372500,images/downcam_000654.png
655,180.096600,29.848870,173.357700,images/downcam_000655.png
656,179.994400,29.848880,170.349200,images/downcam_000656.png
657,179.947700,29.848890,167.346700,images/downcam_000657.png
658,179.935000,29.848890,164.320800,images/downcam_000658.png
659,179.940500,29.848890,161.317700,images/downcam_000659.png
660,179.953700,29.848890,158.287700,images/downcam_000660.png
661,179.967900,29.848890,155.285500,images/downcam_000661.png
662,179.980300,29.848890,152.259700,images/downcam_000662.png
663,179.989500,29.848890,149.256300,images/downcam_000663.png
664,179.995700,29.848890,146.226500,images/downcam_000664.png
665,179.999300,29.848890,143.226500,images/downcam_000665.png
666,180.001100,29.848890,140.212800,images/downcam_000666.png
667,180.001800,29.848890,137.178400,images/downcam_000667.png
668,180.001800,29.848890,134.171800,images/downcam_000668.png
669,180.001500,29.848890,131.170100,images/downcam_000669.png
670,180.000800,29.848890,128.144500,images/downcam_000670.png
671,180.000400,29.848890,125.118800,images/downcam_000671.png
672,180.000400,29.848890,122.109900,images/downcam_000672.png
673,180.000400,29.848890,119.092000,images/downcam_000673.png
674,180.000400,29.848890,116.072200,images/downcam_000674.png
675,180.000400,29.848890,113.063700,images/downcam_000675.png
676,180.000400,29.848890,110.044800,images/downcam_000676.png
677,180.000400,29.848890,106.993400,images/downcam_000677.png
678,180.000400,29.848890,103.988300,images/downcam_000678.png
679,180.000400,29.848890,100.960800,images/downcam_000679.png
680,180.000400,29.848890,97.956830,images/downcam_000680.png
681,180.000400,29.848890,94.932010,images/downcam_000681.png
682,180.000400,29.848890,91.907320,images/downcam_000682.png
683,180.000400,29.848890,88.879580,images/downcam_000683.png
684,180.000400,29.848890,85.861370,images/downcam_000684.png
685,180.000400,29.848890,82.836510,images/downcam_000685.png
686,180.000400,29.848890,79.825400,images/downcam_000686.png
687,180.000400,29.848890,76.814150,images/downcam_000687.png
688,180.000400,29.848890,73.797860,images/downcam_000688.png
689,180.000400,29.848890,70.774100,images/downcam_000689.png
690,180.000400,29.848890,67.759390,images/downcam_000690.png
691,180.000400,29.848890,64.739100,images/downcam_000691.png
692,180.000400,29.848890,61.708590,images/downcam_000692.png
693,180.000400,29.848890,58.703600,images/downcam_000693.png
694,180.000400,29.848890,55.684520,images/downcam_000694.png
695,180.000400,29.848890,52.656650,images/downcam_000695.png
696,180.000400,29.848890,49.641080,images/downcam_000696.png
697,180.000400,29.848890,46.615150,images/downcam_000697.png
698,180.000400,29.848890,43.605830,images/downcam_000698.png
699,180.000400,29.848890,40.605510,images/downcam_000699.png
700,180.000400,29.848890,37.578400,images/downcam_000700.png
701,180.000400,29.848890,34.574240,images/downcam_000701.png
702,180.000400,29.848890,31.556300,images/downcam_000702.png
703,180.000400,29.848890,28.550950,images/downcam_000703.png
704,180.000400,29.848890,25.530210,images/downcam_000704.png
705,180.044600,29.849950,22.526240,images/downcam_000705.png
706,180.350900,29.859260,20.469350,images/downcam_000706.png
707,181.106400,29.863860,18.626300,images/downcam_000707.png
708,182.305800,29.863370,17.117350,images/downcam_000708.png
709,183.871200,29.853820,16.027050,images/downcam_000709.png
710,185.699900,29.840840,15.393380,images/downcam_000710.png
711,187.684200,29.836620,15.224910,images/downcam_000711.png
712,189.679800,29.842330,15.495330,images/downcam_000712.png
713,192.492300,29.851790,16.557290,images/downcam_000713.png
714,195.138200,29.850710,17.980530,images/downcam_000714.png
715,197.485300,29.848300,19.238830,images/downcam_000715.png
716,199.251300,29.848040,20.422940,images/downcam_000716.png
717,200.687100,29.846050,21.924870,images/downcam_000717.png
718,201.689100,29.844010,23.701660,images/downcam_000718.png
719,202.248900,29.845370,25.657410,images/downcam_000719.png
720,202.364200,29.849890,28.676500,images/downcam_000720.png
721,201.989700,29.849850,31.669460,images/downcam_000721.png
722,201.470800,29.848570,34.626740,images/downcam_000722.png
723,200.971400,29.848650,37.609100,images/downcam_000723.png
724,200.567500,29.849030,40.614260,images/downcam_000724.png
725,200.279800,29.848980,43.624300,images/downcam_000725.png
726,200.097400,29.848870,46.619960,images/downcam_000726.png
727,199.994800,29.848880,49.630570,images/downcam_000727.png
728,199.947700,29.848890,52.657990,images/downcam_000728.png
729,199.935100,29.848890,55.670550,images/downcam_000729.png
730,199.940700,29.848890,58.695460,images/downcam_000730.png
731,199.953700,29.848890,61.698570,images/downcam_000731.png
732,199.968000,29.848890,64.714580,images/downcam_000732.png
733,199.980300,29.848890,67.726490,images/downcam_000733.png
734,199.989600,29.848890,70.748180,images/downcam_000734.png
735,199.995700,29.848890,73.772430,images/downcam_000735.png
736,199.999300,29.848890,76.782750,images/downcam_000736.png
737,200.001100,29.848890,79.815190,images/downcam_000737.png
738,200.001800,29.848890,82.824570,images/downcam_000738.png
739,200.001800,29.848890,85.827620,images/downcam_000739.png
740,200.001500,29.848890,88.850960,images/downcam_000740.png
741,200.000800,29.848890,91.856060,images/downcam_000741.png
742,200.000400,29.848890,94.884750,images/downcam_000742.png
743,200.000400,29.848890,97.915830,images/downcam_000743.png
744,200.000400,29.848890,100.935300,images/downcam_000744.png
745,200.000400,29.848890,103.936500,images/downcam_000745.png
746,200.000400,29.848890,106.944700,images/downcam_000746.png
747,200.000400,29.848890,109.982300,images/downcam_000747.png
748,200.000400,29.848890,112.985400,images/downcam_000748.png
749,200.000400,29.848890,115.987500,images/downcam_000749.png
750,200.000400,29.848890,119.013300,images/downcam_000750.png
751,200.000400,29.848890,122.032900,images/downcam_000751.png
752,200.000400,29.848890,125.047900,images/downcam_000752.png
753,200.000400,29.848890,128.075400,images/downcam_000753.png
754,200.000400,29.848890,131.105300,images/downcam_000754.png
755,200.000400,29.848890,134.130300,images/downcam_000755.png
756,200.000400,29.848890,137.142100,images/downcam_000756.png
757,200.000400,29.848890,140.149000,images/downcam_000757.png
758,200.000400,29.848890,143.173000,images/downcam_000758.png
759,200.000400,29.848890,146.181300,images/downcam_000759.png
760,200.000400,29.848890,149.203300,images/downcam_000760.png
761,200.000400,29.848890,152.218200,images/downcam_000761.png
762,200.000400,29.848890,155.240500,images/downcam_000762.png
763,200.000400,29.848890,158.252100,images/downcam_000763.png
764,200.000400,29.848890,161.263600,images/downcam_000764.png
765,200.000400,29.848890,164.289600,images/downcam_000765.png
766,200.000400,29.848890,167.307400,images/downcam_000766.png
767,200.000400,29.848890,170.319300,images/downcam_000767.png
768,200.000400,29.848890,173.320100,images/downcam_000768.png
769,200.000400,29.848890,176.328100,images/downcam_000769.png
770,200.000400,29.848890,179.343800,images/downcam_000770.png
771,200.000400,29.848890,182.370000,images/downcam_000771.png
772,200.000400,29.848890,185.376100,images/downcam_000772.png
773,200.000400,29.848890,188.389300,images/downcam_000773.png
774,200.000400,29.848890,191.403700,images/downcam_000774.png
775,200.000400,29.848890,194.405000,images/downcam_000775.png
776,200.041700,29.849830,197.423800,images/downcam_000776.png
777,200.342500,29.858950,199.496300,images/downcam_000777.png
778,201.085400,29.863540,201.335900,images/downcam_000778.png
779,202.285200,29.863300,202.862700,images/downcam_000779.png
780,203.855500,29.854000,203.965200,images/downcam_000780.png
781,205.693500,29.840970,204.606300,images/downcam_000781.png
782,207.672700,29.836630,204.777000,images/downcam_000782.png
783,209.673700,29.842270,204.508100,images/downcam_000783.png
784,212.496000,29.851780,203.443300,images/downcam_000784.png
785,215.144000,29.850710,202.018500,images/downcam_000785.png
786,217.472100,29.848310,200.770100,images/downcam_000786.png
787,219.224400,29.848050,199.599300,images/downcam_000787.png
788,220.657800,29.846100,198.112400,images/downcam_000788.png
789,221.672600,29.844020,196.332500,images/downcam_000789.png
790,222.240100,29.845330,194.376900,images/downcam_000790.png
791,222.364900,29.849850,191.374900,images/downcam_000791.png
792,221.997600,29.849880,188.393800,images/downcam_000792.png
793,221.478300,29.848580,185.424400,images/downcam_000793.png
794,220.981600,29.848640,182.464600,images/downcam_000794.png
795,220.575600,29.849020,179.462800,images/downcam_000795.png
796,220.286800,29.848980,176.471600,images/downcam_000796.png
797,220.100800,29.848870,173.455700,images/downcam_000797.png
798,219.996400,29.848880,170.437600,images/downcam_000798.png
799,219.948500,29.848890,167.421900,images/downcam_000799.png
800,219.935200,29.848890,164.419400,images/downcam_000800.png
801,219.940300,29.848890,161.415400,images/downcam_000801.png
802,219.953300,29.848890,158.394000,images/downcam_000802.png
803,219.967600,29.848890,155.376800,images/downcam_000803.png
804,219.980000,29.848890,152.372400,images/downcam_000804.png
805,219.989300,29.848890,149.343500,images/downcam_000805.png
806,219.995600,29.848890,146.296500,images/downcam_000806.png
807,219.999200,29.848890,143.295500,images/downcam_000807.png
808,220.001100,29.848890,140.291100,images/downcam_000808.png
809,220.001800,29.848890,137.285100,images/downcam_000809.png
810,220.001800,29.848890,134.272800,images/downcam_000810.png
811,220.001500,29.848890,131.272400,images/downcam_000811.png
812,220.000900,29.848890,128.242300,images/downcam_000812.png
813,220.000400,29.848890,125.217000,images/downcam_000813.png
814,220.000400,29.848890,122.189400,images/downcam_000814.png
815,220.000400,29.848890,119.184400,images/downcam_000815.png
816,220.000400,29.848890,116.177200,images/downcam_000816.png
817,220.000400,29.848890,113.162600,images/downcam_000817.png
818,220.000400,29.848890,110.153200,images/downcam_000818.png
819,220.000400,29.848890,107.144800,images/downcam_000819.png
820,220.000400,29.848890,104.138300,images/downcam_000820.png
821,220.000400,29.848890,101.138100,images/downcam_000821.png
822,220.000400,29.848890,98.123770,images/downcam_000822.png
823,220.000400,29.848890,95.121090,images/downcam_000823.png
824,220.000400,29.848890,92.113620,images/downcam_000824.png
825,220.000400,29.848890,89.095950,images/downcam_000825.png
826,220.000400,29.848890,86.078650,images/downcam_000826.png
827,220.000400,29.848890,83.076550,images/downcam_000827.png
828,220.000400,29.848890,80.076420,images/downcam_000828.png
829,220.000400,29.848890,77.048770,images/downcam_000829.png
830,220.000400,29.848890,74.045910,images/downcam_000830.png
831,220.000400,29.848890,71.027060,images/downcam_000831.png
832,220.000400,29.848890,67.995610,images/downcam_000832.png
833,220.000400,29.848890,64.986610,images/downcam_000833.png
834,220.000400,29.848890,61.978180,images/downcam_000834.png
835,220.000400,29.848890,58.966350,images/downcam_000835.png
836,220.000400,29.848890,55.936740,images/downcam_000836.png
837,220.000400,29.848890,52.925430,images/downcam_000837.png
838,220.000400,29.848890,49.923020,images/downcam_000838.png
839,220.000400,29.848890,46.919950,images/downcam_000839.png
840,220.000400,29.848890,43.909330,images/downcam_000840.png
841,220.000400,29.848890,40.904910,images/downcam_000841.png
842,220.000400,29.848890,37.901630,images/downcam_000842.png
843,220.000400,29.848890,34.894160,images/downcam_000843.png
844,220.000400,29.848890,31.887800,images/downcam_000844.png
845,220.000400,29.848890,28.886260,images/downcam_000845.png
846,220.000400,29.848890,25.878450,images/downcam_000846.png
847,220.027300,29.849320,22.869500,images/downcam_000847.png
848,220.275400,29.857660,20.782380,images/downcam_000848.png
849,220.957500,29.863140,18.897480,images/downcam_000849.png
850,222.089700,29.863680,17.330390,images/downcam_000850.png
851,223.595300,29.856030,16.174090,images/downcam_000851.png
852,225.392300,29.842700,15.462790,images/downcam_000852.png
853,227.341700,29.836550,15.219160,images/downcam_000853.png
854,229.352900,29.840950,15.420250,images/downcam_000854.png
855,232.206600,29.851300,16.414080,images/downcam_000855.png
856,234.866100,29.851090,17.830000,images/downcam_000856.png
857,237.511400,29.848300,19.251700,images/downcam_000857.png
858,239.253100,29.848080,20.420810,images/downcam_000858.png
859,240.688900,29.846160,21.919390,images/downcam_000859.png
860,241.684400,29.844100,23.676300,images/downcam_000860.png
861,242.251400,29.845380,25.644420,images/downcam_000861.png
862,242.367700,29.849860,28.667890,images/downcam_000862.png
863,241.991100,29.849850,31.668830,images/downcam_000863.png
864,241.467200,29.848570,34.649840,images/downcam_000864.png
865,240.971400,29.848650,37.608720,images/downcam_000865.png
866,240.568800,29.849020,40.600340,images/downcam_000866.png
867,240.281700,29.848980,43.596730,images/downcam_000867.png
868,240.098500,29.848870,46.592440,images/downcam_000868.png
869,239.995100,29.848880,49.610020,images/downcam_000869.png
870,239.947800,29.848890,52.626260,images/downcam_000870.png
871,239.935000,29.848890,55.657490,images/downcam_000871.png
872,239.940600,29.848890,58.677230,images/downcam_000872.png
873,239.953600,29.848890,61.681610,images/downcam_000873.png
874,239.967900,29.848890,64.690900,images/downcam_000874.png
875,239.980300,29.848890,67.717750,images/downcam_000875.png
876,239.989500,29.848890,70.722350,images/downcam_000876.png
877,239.995700,29.848890,73.739790,images/downcam_000877.png
878,239.999300,29.848890,76.764580,images/downcam_000878.png
879,240.001100,29.848890,79.788240,images/downcam_000879.png
880,240.001800,29.848890,82.790720,images/downcam_000880.png
881,240.001800,29.848890,85.792130,images/downcam_000881.png
882,240.001500,29.848890,88.805370,images/downcam_000882.png
883,240.000800,29.848890,91.830100,images/downcam_000883.png
884,240.000400,29.848890,94.847050,images/downcam_000884.png
885,240.000400,29.848890,97.851060,images/downcam_000885.png
886,240.000400,29.848890,100.855500,images/downcam_000886.png
887,240.000400,29.848890,103.877100,images/downcam_000887.png
888,240.000400,29.848890,106.894400,images/downcam_000888.png
889,240.000400,29.848890,109.916400,images/downcam_000889.png
890,240.000400,29.848890,112.936800,images/downcam_000890.png
891,240.000400,29.848890,115.953200,images/downcam_000891.png
892,240.000400,29.848890,118.969900,images/downcam_000892.png
893,240.000400,29.848890,121.985100,images/downcam_000893.png
894,240.000400,29.848890,125.000600,images/downcam_000894.png
895,240.000400,29.848890,128.011200,images/downcam_000895.png
896,240.000400,29.848890,131.033100,images/downcam_000896.png
897,240.000400,29.848890,134.037400,images/downcam_000897.png
898,240.000400,29.848890,137.041800,images/downcam_000898.png
899,240.000400,29.848890,140.062300,images/downcam_000899.png
900,240.000400,29.848890,143.076100,images/downcam_000900.png
901,240.000400,29.848890,146.111300,images/downcam_000901.png
902,240.000400,29.848890,149.134200,images/downcam_000902.png
903,240.000400,29.848890,152.160400,images/downcam_000903.png
904,240.000400,29.848890,155.174100,images/downcam_000904.png
905,240.000400,29.848890,158.180500,images/downcam_000905.png
906,240.000400,29.848890,161.202800,images/downcam_000906.png
907,240.000400,29.848890,164.213700,images/downcam_000907.png
908,240.000400,29.848890,167.224500,images/downcam_000908.png
909,240.000400,29.848890,170.245800,images/downcam_000909.png
910,240.000400,29.848890,173.266800,images/downcam_000910.png
911,240.000400,29.848890,176.289400,images/downcam_000911.png
912,240.000400,29.848890,179.310800,images/downcam_000912.png
913,240.000400,29.848890,182.315600,images/downcam_000913.png
914,240.000400,29.848890,185.328000,images/downcam_000914.png
915,240.000400,29.848890,188.333000,images/downcam_000915.png
916,240.000400,29.848890,191.344900,images/downcam_000916.png
917,240.000400,29.848890,194.351200,images/downcam_000917.png
918,240.000400,29.850150,197.367000,images/downcam_000918.png
919,240.000400,29.921670,200.373400,images/downcam_000919.png
920,239.999000,30.011610,201.794700,images/downcam_000920.png
921,240.029200,30.027050,202.314500,images/downcam_000921.png
922,240.178900,29.986850,202.230500,images/downcam_000922.png
923,240.476300,29.959690,201.817000,images/downcam_000923.png
924,240.822300,29.976120,201.349500,images/downcam_000924.png
