seq,pos_x,pos_y,pos_z,image_rel
0,0.004737,29.999400,20.020170,images/downcam_000000.png
1,0.281632,29.869380,21.914580,images/downcam_000001.png
2,0.888646,29.837030,25.884240,images/downcam_000002.png
3,1.510228,29.855940,29.881820,images/downcam_000003.png
4,2.134258,29.847600,33.883620,images/downcam_000004.png
5,2.752084,29.848140,37.851750,images/downcam_000005.png
6,3.366844,29.849520,41.811520,images/downcam_000006.png
7,3.980295,29.848770,45.773740,images/downcam_000007.png
8,4.595417,29.848840,49.754600,images/downcam_000008.png
9,5.208704,29.848960,53.727790,images/downcam_000009.png
10,5.804967,29.848920,57.696220,images/downcam_000010.png
11,5.989855,29.849260,60.028430,images/downcam_000011.png
12,5.505655,29.849330,64.021170,images/downcam_000012.png
13,4.238292,29.848740,67.831540,images/downcam_000013.png
14,2.631267,29.848900,71.508800,images/downcam_000014.png
15,0.933613,29.848930,75.141090,images/downcam_000015.png
16,-0.746296,29.848910,78.774770,images/downcam_000016.png
17,-2.381527,29.848900,82.452390,images/downcam_000017.png
18,-3.960836,29.848900,86.157950,images/downcam_000018.png
19,-5.490854,29.848900,89.868940,images/downcam_000019.png
20,-7.023130,29.848900,93.660720,images/downcam_000020.png
21,-8.517803,29.848900,97.389160,images/downcam_000021.png
22,-10.009400,29.848910,101.111400,images/downcam_000022.png
23,-10.810300,29.849080,103.262500,images/downcam_000023.png
24,-11.309880,29.849590,105.301700,images/downcam_000024.png
25,-11.261740,29.849380,109.337900,images/downcam_000025.png
26,-10.245930,29.848680,113.242200,images/downcam_000026.png
27,-8.857924,29.848920,117.004300,images/downcam_000027.png
28,-7.394383,29.848930,120.734600,images/downcam_000028.png
29,-5.974383,29.848890,124.478200,images/downcam_000029.png
30,-4.628040,29.848890,128.246900,images/downcam_000030.png
31,-3.346275,29.848900,132.060300,images/downcam_000031.png
32,-2.126199,29.848890,135.871200,images/downcam_000032.png
33,-0.938565,29.848890,139.708800,images/downcam_000033.png
34,0.173055,29.848890,143.591000,images/downcam_000034.png
35,1.180843,29.848900,147.486900,images/downcam_000035.png
36,2.133298,29.848890,151.379100,images/downcam_000036.png
37,3.065286,29.848890,155.271100,images/downcam_000037.png
38,3.997272,29.848890,159.174300,images/downcam_000038.png
39,4.948125,29.848890,163.137800,images/downcam_000039.png
40,5.887975,29.848890,167.031000,images/downcam_000040.png
41,6.835784,29.848890,170.936300,images/downcam_000041.png
42,7.783379,29.848890,174.826600,images/downcam_000042.png
43,8.735994,29.848890,178.730600,images/downcam_000043.png
44,9.685726,29.848890,182.619600,images/downcam_000044.png
45,10.640190,29.848890,186.528700,images/downcam_000045.png
46,11.591290,29.848890,190.425900,images/downcam_000046.png
47,12.539970,29.848890,194.314300,images/downcam_000047.png
48,13.430930,29.849020,197.785600,images/downcam_000048.png
49,14.219650,29.849000,199.768100,images/downcam_000049.png
50,15.378040,29.847220,201.476300,images/downcam_000050.png
51,16.899680,29.846100,202.853800,images/downcam_000051.png
52,20.564760,29.849440,204.501700,images/downcam_000052.png
53,24.501490,29.849230,205.254600,images/downcam_000053.png
54,28.466090,29.848650,205.790200,images/downcam_000054.png
55,32.426260,29.848980,206.425900,images/downcam_000055.png
56,36.348290,29.848940,207.266100,images/downcam_000056.png
57,40.236890,29.848880,208.305500,images/downcam_000057.png
58,44.078840,29.848890,209.477400,images/downcam_000058.png
59,47.926730,29.849020,210.676400,images/downcam_000059.png
60,50.095190,29.849420,211.121800,images/downcam_000060.png
61,54.121140,29.849260,211.079600,images/downcam_000061.png
62,58.040750,29.848730,210.242100,images/downcam_000062.png
63,61.876180,29.848920,209.054900,images/downcam_000063.png
64,65.690380,29.848930,207.778600,images/downcam_000064.png
65,69.530560,29.848900,206.542400,images/downcam_000065.png
66,73.375310,29.848900,205.404800,images/downcam_000066.png
67,77.229660,29.849030,204.228100,images/downcam_000067.png
68,80.880050,29.849050,202.579600,images/downcam_000068.png
69,84.347030,29.848840,200.513200,images/downcam_000069.png
70,87.678180,29.848910,198.251600,images/downcam_000070.png
71,90.955800,29.848910,195.935800,images/downcam_000071.png
72,94.235810,29.848910,193.637900,images/downcam_000072.png
73,97.559750,29.848900,191.370500,images/downcam_000073.png
74,100.926800,29.848910,189.132300,images/downcam_000074.png
75,103.412600,29.849010,187.452200,images/downcam_000075.png
76,105.005600,29.849090,186.071100,images/downcam_000076.png
77,106.249100,29.847730,184.425800,images/downcam_000077.png
78,107.072500,29.846970,182.562400,images/downcam_000078.png
79,107.530600,29.849420,178.587500,images/downcam_000079.png
80,107.115700,29.849080,174.594200,images/downcam_000080.png
81,106.507500,29.848720,170.638800,images/downcam_000081.png
82,106.000400,29.848970,166.667000,images/downcam_000082.png
83,105.690000,29.848920,162.672500,images/downcam_000083.png
84,105.563800,29.848890,158.655100,images/downcam_000084.png
85,105.561800,29.848890,154.634000,images/downcam_000085.png
86,105.616100,29.848890,150.618800,images/downcam_000086.png
87,105.635200,29.849020,146.699600,images/downcam_000087.png
88,105.397000,29.849410,144.596000,images/downcam_000088.png
89,104.782800,29.849260,142.621500,images/downcam_000089.png
90,102.540000,29.849100,139.287400,images/downcam_000090.png
91,99.589460,29.848830,136.583100,images/downcam_000091.png
92,96.415740,29.848900,134.108000,images/downcam_000092.png
93,93.245130,29.848920,131.666000,images/downcam_000093.png
94,90.131390,29.848920,129.139200,images/downcam_000094.png
95,87.110340,29.848920,126.512700,images/downcam_000095.png
96,84.154420,29.848920,123.798900,images/downcam_000096.png
97,81.161390,29.848910,121.119400,images/downcam_000097.png
98,78.095280,29.848910,118.529000,images/downcam_000098.png
99,74.970160,29.848910,115.978000,images/downcam_000099.png
100,71.845030,29.848910,113.470500,images/downcam_000100.png
101,68.698330,29.848910,110.961300,images/downcam_000101.png
102,65.565190,29.848910,108.462800,images/downcam_000102.png
103,62.437340,29.848910,105.950200,images/downcam_000103.png
104,59.443510,29.848960,103.293700,images/downcam_000104.png
105,56.662300,29.848900,100.416900,images/downcam_000105.png
106,53.994780,29.848900,97.416360,images/downcam_000106.png
107,51.382690,29.848900,94.372390,images/downcam_000107.png
108,48.777600,29.848900,91.311740,images/downcam_000108.png
109,46.164160,29.848900,88.255770,images/downcam_000109.png
110,43.550390,29.848900,85.225900,images/downcam_000110.png
111,40.923820,29.848900,82.205470,images/downcam_000111.png
112,38.286250,29.848900,79.188910,images/downcam_000112.png
113,35.645050,29.848900,76.176480,images/downcam_000113.png
114,32.991920,29.848900,73.152500,images/downcam_000114.png
115,30.347600,29.848900,70.137050,images/downcam_000115.png
116,28.634250,29.849010,68.118350,images/downcam_000116.png
117,27.459680,29.849230,66.350670,images/downcam_000117.png
118,26.686860,29.848390,64.432880,images/downcam_000118.png
119,26.355900,29.848050,62.279800,images/downcam_000119.png
120,26.879770,29.849290,58.304360,images/downcam_000120.png
121,28.119520,29.848900,54.483350,images/downcam_000121.png
122,29.511710,29.848830,50.698600,images/downcam_000122.png
123,30.799580,29.848950,46.910980,images/downcam_000123.png
124,31.925880,29.848920,43.037910,images/downcam_000124.png
125,32.886000,29.848920,39.144490,images/downcam_000125.png
126,33.741000,29.848920,35.222150,images/downcam_000126.png
127,34.576730,29.848960,31.289870,images/downcam_000127.png
128,35.211890,29.849430,29.222560,images/downcam_000128.png
129,37.260330,29.849490,25.762240,images/downcam_000129.png
130,40.096020,29.848700,22.910780,images/downcam_000130.png
131,43.222100,29.848890,20.396620,images/downcam_000131.png
132,46.424960,29.848940,17.976270,images/downcam_000132.png
133,49.605570,29.848900,15.532400,images/downcam_000133.png
134,52.726400,29.848900,13.025700,images/downcam_000134.png
135,55.794780,29.848900,10.450450,images/downcam_000135.png
136,58.838570,29.848900,7.814345,images/downcam_000136.png
137,61.879170,29.848900,5.137494,images/downcam_000137.png
138,64.883770,29.848900,2.481534,images/downcam_000138.png
139,66.692380,29.849040,0.948966,images/downcam_000139.png
140,68.446180,29.849490,-0.222705,images/downcam_000140.png
141,70.710480,29.849570,-1.149907,images/downcam_000141.png
142,74.704600,29.848970,-1.607367,images/downcam_000142.png
143,78.704800,29.848790,-1.300270,images/downcam_000143.png
144,82.676790,29.848950,-0.749991,images/downcam_000144.png
145,86.654550,29.848920,-0.217201,images/downcam_000145.png
146,90.640750,29.848920,0.190577,images/downcam_000146.png
147,94.669720,29.848910,0.462462,images/downcam_000147.png
148,98.268680,29.849020,0.693261,images/downcam_000148.png
149,102.180500,29.849330,1.536883,images/downcam_000149.png
150,105.876200,29.848840,3.098612,images/downcam_000150.png
151,109.402400,29.848850,5.056193,images/downcam_000151.png
152,112.826500,29.848930,7.124743,images/downcam_000152.png
153,116.265600,29.848910,9.174036,images/downcam_000153.png
154,118.198300,29.849110,10.369610,images/downcam_000154.png
155,119.852300,29.849590,11.693550,images/downcam_000155.png
156,122.250400,29.849380,14.923480,images/downcam_000156.png
157,123.771900,29.848700,18.632400,images/downcam_000157.png
158,124.899100,29.848920,22.496270,images/downcam_000158.png
159,125.939600,29.848930,26.370070,images/downcam_000159.png
160,127.062100,29.848900,30.257780,images/downcam_000160.png
161,128.294900,29.848900,34.077480,images/downcam_000161.png
162,129.621600,29.848910,37.861770,images/downcam_000162.png
163,130.351300,29.849170,40.255410,images/downcam_000163.png
164,130.821500,29.849310,44.228280,images/downcam_000164.png
165,130.544900,29.848770,48.236470,images/downcam_000165.png
166,129.914900,29.848900,52.198130,images/downcam_000166.png
167,129.182200,29.848940,56.130580,images/downcam_000167.png
168,128.459900,29.848910,60.069890,images/downcam_000168.png
169,127.782600,29.848910,64.033550,images/downcam_000169.png
170,127.149700,29.848910,68.039750,images/downcam_000170.png
171,126.562900,29.848910,72.013300,images/downcam_000171.png
172,126.003700,29.848910,75.979680,images/downcam_000172.png
173,125.485900,29.848910,79.957640,images/downcam_000173.png
174,125.229700,29.848950,83.974760,images/downcam_000174.png
175,125.232800,29.848900,88.029710,images/downcam_000175.png
176,125.364300,29.848900,92.070140,images/downcam_000176.png
177,125.541000,29.848900,96.095730,images/downcam_000177.png
178,125.720200,29.848900,100.093100,images/downcam_000178.png
179,125.891000,29.848900,104.166900,images/downcam_000179.png
180,126.045200,29.848900,108.187900,images/downcam_000180.png
181,126.187300,29.848900,112.220600,images/downcam_000181.png
182,126.320100,29.848900,116.234800,images/downcam_000182.png
183,126.443400,29.848900,120.278000,images/downcam_000183.png
184,126.523900,29.848900,124.379100,images/downcam_000184.png
185,126.564800,29.848900,128.410300,images/downcam_000185.png
186,126.587600,29.848900,132.437500,images/downcam_000186.png
187,126.604200,29.848900,136.473000,images/downcam_000187.png
188,126.620700,29.848900,140.504300,images/downcam_000188.png
189,126.639100,29.848900,144.522000,images/downcam_000189.png
190,126.659900,29.848900,148.542500,images/downcam_000190.png
191,126.682400,29.848910,152.564700,images/downcam_000191.png
192,126.706000,29.848900,156.595600,images/downcam_000192.png
193,126.730000,29.848900,160.608400,images/downcam_000193.png
194,126.754200,29.848900,164.616000,images/downcam_000194.png
195,126.774500,29.848900,168.622400,images/downcam_000195.png
196,126.654400,29.848960,172.664500,images/downcam_000196.png
197,126.251000,29.848900,176.690500,images/downcam_000197.png
198,125.676700,29.848900,180.654300,images/downcam_000198.png
199,125.022300,29.848900,184.610400,images/downcam_000199.png
200,124.354600,29.848900,188.555500,images/downcam_000200.png
201,123.702400,29.848900,192.520900,images/downcam_000201.png
202,123.076500,29.848900,196.492300,images/downcam_000202.png
203,122.712700,29.849010,199.154300,images/downcam_000203.png
204,122.687700,29.849080,201.309100,images/downcam_000204.png
205,123.097600,29.847850,203.329500,images/downcam_000205.png
206,123.954300,29.846960,205.169200,images/downcam_000206.png
207,125.511000,29.848220,207.055100,images/downcam_000207.png
208,128.817800,29.849580,209.312000,images/downcam_000208.png
209,132.412100,29.848720,211.127700,images/downcam_000209.png
210,135.942300,29.848920,213.012700,images/downcam_000210.png
211,139.300700,29.849090,215.044700,images/downcam_000211.png
212,142.969000,29.849320,216.678800,images/downcam_000212.png
213,146.888000,29.848850,217.615300,images/downcam_000213.png
214,150.858000,29.848860,218.118900,images/downcam_000214.png
215,154.850300,29.848930,218.463100,images/downcam_000215.png
216,158.859900,29.848920,218.817600,images/downcam_000216.png
217,162.885400,29.848950,219.233000,images/downcam_000217.png
218,165.002000,29.849370,219.287500,images/downcam_000218.png
219,167.093500,29.849450,218.979900,images/downcam_000219.png
220,170.733900,29.849160,217.313700,images/downcam_000220.png
221,173.875500,29.848780,214.813200,images/downcam_000221.png
222,176.791600,29.848900,212.040100,images/downcam_000222.png
223,179.672300,29.848940,209.260900,images/downcam_000223.png
224,182.640700,29.848920,206.548600,images/downcam_000224.png
225,185.703700,29.848920,203.938600,images/downcam_000225.png
226,188.822600,29.848910,201.426900,images/downcam_000226.png
227,191.989300,29.848920,198.944000,images/downcam_000227.png
228,193.678900,29.849270,197.453300,images/downcam_000228.png
229,196.060200,29.849530,194.197300,images/downcam_000229.png
230,197.568500,29.848740,190.476500,images/downcam_000230.png
231,198.636300,29.848870,186.620500,images/downcam_000231.png
232,199.575900,29.848950,182.699100,images/downcam_000232.png
233,200.542200,29.848900,178.714800,images/downcam_000233.png
234,201.557500,29.848900,174.837200,images/downcam_000234.png
235,202.658900,29.848900,170.958400,images/downcam_000235.png
236,203.828500,29.848910,167.115800,images/downcam_000236.png
237,205.264800,29.849030,163.342700,images/downcam_000237.png
238,207.076000,29.848900,159.739700,images/downcam_000238.png
239,209.081200,29.848870,156.251000,images/downcam_000239.png
240,211.151300,29.848890,152.826600,images/downcam_000240.png
241,213.244400,29.848890,149.397200,images/downcam_000241.png
242,215.318700,29.848890,145.972600,images/downcam_000242.png
243,217.380700,29.848890,142.523000,images/downcam_000243.png
244,219.442200,29.848890,139.029800,images/downcam_000244.png
245,221.469200,29.848890,135.562900,images/downcam_000245.png
246,223.397600,29.849030,132.045700,images/downcam_000246.png
247,224.861600,29.849030,128.318900,images/downcam_000247.png
248,225.927600,29.848850,124.445600,images/downcam_000248.png
249,226.800100,29.848910,120.507900,images/downcam_000249.png
250,227.605900,29.848910,116.583300,images/downcam_000250.png
251,228.417800,29.848910,112.655400,images/downcam_000251.png
252,229.258100,29.848910,108.727800,images/downcam_000252.png
253,230.122900,29.848910,104.819000,images/downcam_000253.png
254,231.010800,29.848910,100.905000,images/downcam_000254.png
255,231.914600,29.848910,96.985870,images/downcam_000255.png
256,232.825400,29.848900,93.062770,images/downcam_000256.png
257,233.624000,29.848960,89.133350,images/downcam_000257.png
258,234.098300,29.848910,85.145900,images/downcam_000258.png
259,234.360000,29.848890,81.147610,images/downcam_000259.png
260,234.526300,29.848890,77.124230,images/downcam_000260.png
261,234.664700,29.848890,73.106480,images/downcam_000261.png
262,234.807600,29.848890,69.089680,images/downcam_000262.png
263,234.964200,29.848890,65.087590,images/downcam_000263.png
264,235.137300,29.848890,61.052370,images/downcam_000264.png
265,235.322800,29.848890,57.014400,images/downcam_000265.png
266,235.514100,29.848890,53.007140,images/downcam_000266.png
267,235.680000,29.848890,49.002880,images/downcam_000267.png
268,235.784800,29.848890,44.993720,images/downcam_000268.png
269,235.853600,29.848890,40.962990,images/downcam_000269.png
270,235.905900,29.848890,36.948970,images/downcam_000270.png
271,235.953900,29.848900,32.947150,images/downcam_000271.png
272,236.003100,29.848890,28.920350,images/downcam_000272.png
273,236.054800,29.848900,24.907880,images/downcam_000273.png
274,236.108900,29.848900,20.903200,images/downcam_000274.png
275,236.165400,29.848900,16.884520,images/downcam_000275.png
276,236.222800,29.848900,12.883200,images/downcam_000276.png
