seq,timestamp,image_rel,recorded_conf,original_match_seq
0,0.218,images/flight_000000.png,1.00,0
1,0.456,images/flight_000001.png,1.00,0
2,0.883,images/flight_000002.png,1.00,0
3,1.128,images/flight_000003.png,1.00,0
4,1.393,images/flight_000004.png,1.00,1
5,1.611,images/flight_000005.png,1.00,1
6,1.828,images/flight_000006.png,1.00,1
7,2.055,images/flight_000007.png,1.00,1
8,2.259,images/flight_000008.png,1.00,1
9,2.483,images/flight_000009.png,1.00,1
10,2.731,images/flight_000010.png,1.00,2
11,2.967,images/flight_000011.png,1.00,2
12,3.170,images/flight_000012.png,1.00,2
13,3.395,images/flight_000013.png,1.00,2
14,3.647,images/flight_000014.png,1.00,2
15,3.866,images/flight_000015.png,1.00,2
16,4.108,images/flight_000016.png,1.00,2
17,4.388,images/flight_000017.png,1.00,3
18,4.721,images/flight_000018.png,1.00,3
19,4.960,images/flight_000019.png,1.00,3
20,5.171,images/flight_000020.png,1.00,3
21,5.412,images/flight_000021.png,1.00,3
22,5.639,images/flight_000022.png,1.00,4
23,5.893,images/flight_000023.png,1.00,4
24,6.136,images/flight_000024.png,1.00,4
25,6.364,images/flight_000025.png,1.00,4
26,6.658,images/flight_000026.png,1.00,5
27,6.884,images/flight_000027.png,1.00,5
28,7.087,images/flight_000028.png,1.00,5
29,7.290,images/flight_000029.png,1.00,5
30,7.498,images/flight_000030.png,1.00,5
31,7.725,images/flight_000031.png,1.00,5
32,7.992,images/flight_000032.png,1.00,6
33,8.195,images/flight_000033.png,1.00,6
34,8.447,images/flight_000034.png,1.00,6
35,8.688,images/flight_000035.png,1.00,6
36,8.912,images/flight_000036.png,1.00,6
37,9.112,images/flight_000037.png,1.00,7
38,9.338,images/flight_000038.png,1.00,7
39,9.547,images/flight_000039.png,1.00,7
40,9.775,images/flight_000040.png,1.00,7
41,9.976,images/flight_000041.png,1.00,7
42,10.208,images/flight_000042.png,1.00,8
43,10.441,images/flight_000043.png,1.00,8
44,10.941,images/flight_000044.png,1.00,8
45,11.173,images/flight_000045.png,1.00,8
46,11.407,images/flight_000046.png,1.00,9
47,11.665,images/flight_000047.png,1.00,9
48,11.920,images/flight_000048.png,1.00,9
49,12.159,images/flight_000049.png,1.00,9
50,12.443,images/flight_000050.png,1.00,10
51,12.687,images/flight_000051.png,1.00,10
52,12.940,images/flight_000052.png,1.00,10
53,13.186,images/flight_000053.png,1.00,10
54,13.444,images/flight_000054.png,1.00,10
55,13.649,images/flight_000055.png,1.00,11
56,13.907,images/flight_000056.png,1.00,11
57,14.130,images/flight_000057.png,1.00,11
58,14.386,images/flight_000058.png,1.00,12
59,14.630,images/flight_000059.png,1.00,12
60,14.847,images/flight_000060.png,1.00,12
61,15.064,images/flight_000061.png,1.00,12
62,15.268,images/flight_000062.png,1.00,13
63,15.505,images/flight_000063.png,1.00,13
64,15.720,images/flight_000064.png,1.00,13
65,15.959,images/flight_000065.png,1.00,13
66,16.258,images/flight_000066.png,1.00,13
67,16.493,images/flight_000067.png,1.00,14
68,16.715,images/flight_000068.png,1.00,14
69,16.924,images/flight_000069.png,1.00,14
70,17.145,images/flight_000070.png,1.00,14
71,17.358,images/flight_000071.png,1.00,14
72,17.587,images/flight_000072.png,1.00,15
73,17.820,images/flight_000073.png,1.00,15
74,18.062,images/flight_000074.png,1.00,15
75,18.287,images/flight_000075.png,1.00,15
76,18.489,images/flight_000076.png,1.00,15
77,18.737,images/flight_000077.png,1.00,16
78,18.983,images/flight_000078.png,1.00,16
79,19.186,images/flight_000079.png,1.00,16
80,19.388,images/flight_000080.png,1.00,16
81,19.589,images/flight_000081.png,1.00,16
82,19.830,images/flight_000082.png,1.00,17
83,20.032,images/flight_000083.png,1.00,17
84,20.249,images/flight_000084.png,1.00,17
85,20.460,images/flight_000085.png,1.00,17
86,20.709,images/flight_000086.png,1.00,17
87,20.941,images/flight_000087.png,1.00,18
88,21.142,images/flight_000088.png,1.00,18
89,21.349,images/flight_000089.png,1.00,18
90,21.575,images/flight_000090.png,1.00,18
91,21.806,images/flight_000091.png,1.00,18
92,22.030,images/flight_000092.png,1.00,18
93,22.248,images/flight_000093.png,1.00,18
94,22.454,images/flight_000094.png,1.00,19
95,22.656,images/flight_000095.png,1.00,19
96,22.880,images/flight_000096.png,1.00,19
97,23.116,images/flight_000097.png,1.00,19
98,23.353,images/flight_000098.png,1.00,19
99,23.571,images/flight_000099.png,1.00,20
100,23.777,images/flight_000100.png,1.00,20
101,24.018,images/flight_000101.png,1.00,20
102,24.266,images/flight_000102.png,1.00,20
103,24.494,images/flight_000103.png,1.00,20
104,24.718,images/flight_000104.png,1.00,21
105,24.927,images/flight_000105.png,1.00,21
106,25.176,images/flight_000106.png,1.00,21
107,25.380,images/flight_000107.png,1.00,21
108,25.637,images/flight_000108.png,1.00,22
109,25.842,images/flight_000109.png,1.00,22
110,26.083,images/flight_000110.png,1.00,22
111,26.288,images/flight_000111.png,1.00,22
112,26.495,images/flight_000112.png,1.00,22
113,26.703,images/flight_000113.png,1.00,23
114,26.917,images/flight_000114.png,1.00,23
115,27.167,images/flight_000115.png,1.00,23
116,27.376,images/flight_000116.png,1.00,23
117,27.615,images/flight_000117.png,1.00,23
118,27.821,images/flight_000118.png,0.83,23
119,28.059,images/flight_000119.png,0.94,23
120,28.269,images/flight_000120.png,0.74,23
121,28.474,images/flight_000121.png,0.97,25
122,28.705,images/flight_000122.png,0.89,25
123,28.906,images/flight_000123.png,0.94,25
124,29.117,images/flight_000124.png,0.63,25
125,29.342,images/flight_000125.png,0.60,25
126,29.565,images/flight_000126.png,0.80,26
127,29.791,images/flight_000127.png,0.89,26
128,29.998,images/flight_000128.png,1.00,26
129,30.205,images/flight_000129.png,0.86,27
130,30.410,images/flight_000130.png,1.00,27
131,30.636,images/flight_000131.png,1.00,27
132,30.884,images/flight_000132.png,1.00,27
133,31.110,images/flight_000133.png,1.00,27
134,31.318,images/flight_000134.png,1.00,28
135,31.545,images/flight_000135.png,1.00,27
136,31.752,images/flight_000136.png,1.00,28
137,31.996,images/flight_000137.png,1.00,28
138,32.202,images/flight_000138.png,1.00,28
139,32.438,images/flight_000139.png,1.00,29
140,32.646,images/flight_000140.png,1.00,29
141,32.878,images/flight_000141.png,1.00,29
142,33.122,images/flight_000142.png,1.00,29
143,33.336,images/flight_000143.png,1.00,30
144,33.557,images/flight_000144.png,1.00,30
145,33.764,images/flight_000145.png,1.00,30
146,33.989,images/flight_000146.png,1.00,30
147,34.204,images/flight_000147.png,1.00,30
148,34.421,images/flight_000148.png,1.00,30
149,34.630,images/flight_000149.png,1.00,30
150,34.847,images/flight_000150.png,1.00,31
151,35.077,images/flight_000151.png,1.00,31
152,35.316,images/flight_000152.png,1.00,31
153,35.538,images/flight_000153.png,1.00,31
154,35.772,images/flight_000154.png,1.00,31
155,35.989,images/flight_000155.png,1.00,31
156,36.192,images/flight_000156.png,1.00,32
157,36.393,images/flight_000157.png,1.00,32
158,36.596,images/flight_000158.png,1.00,32
159,36.797,images/flight_000159.png,1.00,33
160,37.011,images/flight_000160.png,1.00,33
161,37.238,images/flight_000161.png,1.00,33
162,37.452,images/flight_000162.png,1.00,33
163,37.670,images/flight_000163.png,1.00,33
164,37.899,images/flight_000164.png,1.00,33
165,38.162,images/flight_000165.png,1.00,33
166,38.416,images/flight_000166.png,1.00,34
167,38.649,images/flight_000167.png,1.00,34
168,38.868,images/flight_000168.png,1.00,34
169,39.118,images/flight_000169.png,1.00,34
170,39.322,images/flight_000170.png,1.00,34
171,39.558,images/flight_000171.png,1.00,35
172,39.762,images/flight_000172.png,1.00,35
173,39.971,images/flight_000173.png,1.00,34
174,40.205,images/flight_000174.png,1.00,35
175,40.414,images/flight_000175.png,1.00,35
176,40.658,images/flight_000176.png,1.00,35
177,40.870,images/flight_000177.png,1.00,35
178,41.108,images/flight_000178.png,1.00,35
179,41.321,images/flight_000179.png,1.00,35
180,41.522,images/flight_000180.png,1.00,35
181,41.726,images/flight_000181.png,1.00,35
182,41.928,images/flight_000182.png,1.00,35
183,42.169,images/flight_000183.png,1.00,35
184,42.375,images/flight_000184.png,1.00,35
185,42.600,images/flight_000185.png,1.00,35
186,42.804,images/flight_000186.png,1.00,35
187,43.011,images/flight_000187.png,1.00,35
188,43.212,images/flight_000188.png,1.00,35
189,43.424,images/flight_000189.png,1.00,36
190,43.656,images/flight_000190.png,1.00,35
191,43.866,images/flight_000191.png,1.00,35
192,44.121,images/flight_000192.png,1.00,35
193,44.322,images/flight_000193.png,1.00,35
194,44.558,images/flight_000194.png,1.00,35
195,44.836,images/flight_000195.png,1.00,35
196,45.102,images/flight_000196.png,1.00,35
197,45.345,images/flight_000197.png,1.00,36
198,45.550,images/flight_000198.png,0.89,35
199,45.779,images/flight_000199.png,1.00,35
200,46.031,images/flight_000200.png,0.89,35
201,46.266,images/flight_000201.png,1.00,36
202,46.505,images/flight_000202.png,0.97,36
203,46.745,images/flight_000203.png,0.97,36
204,46.952,images/flight_000204.png,0.89,36
205,47.182,images/flight_000205.png,0.83,36
206,47.416,images/flight_000206.png,0.91,36
207,47.652,images/flight_000207.png,0.91,36
208,47.876,images/flight_000208.png,0.86,45
209,48.090,images/flight_000209.png,0.86,44
210,48.337,images/flight_000210.png,0.80,43
211,48.568,images/flight_000211.png,1.00,43
212,48.778,images/flight_000212.png,0.91,43
213,48.980,images/flight_000213.png,0.91,43
214,49.182,images/flight_000214.png,0.91,43
215,49.390,images/flight_000215.png,0.91,43
216,49.615,images/flight_000216.png,0.89,43
217,49.854,images/flight_000217.png,0.91,44
218,50.085,images/flight_000218.png,0.91,44
219,50.286,images/flight_000219.png,0.91,44
220,50.493,images/flight_000220.png,0.83,44
221,50.709,images/flight_000221.png,0.71,35
222,50.920,images/flight_000222.png,0.69,43
223,51.123,images/flight_000223.png,0.60,34
224,51.330,images/flight_000224.png,0.69,35
225,51.579,images/flight_000225.png,0.77,35
226,51.824,images/flight_000226.png,0.57,35
227,52.037,images/flight_000227.png,0.60,35
228,52.316,images/flight_000228.png,0.54,36
229,52.516,images/flight_000229.png,0.54,36
230,52.725,images/flight_000230.png,0.54,35
231,52.949,images/flight_000231.png,0.46,36
232,53.160,images/flight_000232.png,0.43,36
233,53.375,images/flight_000233.png,0.57,36
234,53.590,images/flight_000234.png,0.57,36
235,53.825,images/flight_000235.png,0.51,35
236,54.032,images/flight_000236.png,0.51,35
237,54.279,images/flight_000237.png,0.51,35
238,54.509,images/flight_000238.png,0.57,35
239,54.717,images/flight_000239.png,0.66,35
240,54.961,images/flight_000240.png,0.40,35
241,55.176,images/flight_000241.png,0.00,-1
242,55.379,images/flight_000242.png,0.34,38
243,55.594,images/flight_000243.png,0.00,-1
244,55.817,images/flight_000244.png,0.43,40
245,56.022,images/flight_000245.png,0.34,32
246,56.274,images/flight_000246.png,0.54,40
247,56.475,images/flight_000247.png,0.60,40
248,56.681,images/flight_000248.png,0.51,40
249,56.893,images/flight_000249.png,0.43,40
250,57.112,images/flight_000250.png,0.49,38
251,57.339,images/flight_000251.png,0.54,40
252,57.552,images/flight_000252.png,0.43,40
253,57.759,images/flight_000253.png,0.43,40
254,57.965,images/flight_000254.png,0.54,40
255,58.184,images/flight_000255.png,0.43,40
256,58.396,images/flight_000256.png,0.54,40
257,58.606,images/flight_000257.png,0.37,31
258,58.807,images/flight_000258.png,0.60,47
259,59.030,images/flight_000259.png,0.43,40
260,59.286,images/flight_000260.png,0.66,47
261,59.503,images/flight_000261.png,0.37,40
262,59.712,images/flight_000262.png,0.51,47
263,59.919,images/flight_000263.png,0.51,39
264,60.123,images/flight_000264.png,0.54,40
265,60.333,images/flight_000265.png,0.57,40
266,60.564,images/flight_000266.png,0.46,40
267,60.783,images/flight_000267.png,0.49,40
268,61.004,images/flight_000268.png,0.60,40
269,61.206,images/flight_000269.png,0.46,40
270,61.409,images/flight_000270.png,0.37,40
271,61.636,images/flight_000271.png,0.60,40
272,61.847,images/flight_000272.png,0.46,40
273,62.058,images/flight_000273.png,0.43,40
274,62.269,images/flight_000274.png,0.57,40
275,62.496,images/flight_000275.png,0.51,40
276,62.729,images/flight_000276.png,0.37,53
277,62.935,images/flight_000277.png,0.54,40
278,63.153,images/flight_000278.png,0.54,40
279,63.363,images/flight_000279.png,0.40,40
280,63.649,images/flight_000280.png,0.40,40
281,63.867,images/flight_000281.png,0.34,40
282,64.073,images/flight_000282.png,0.00,-1
283,64.294,images/flight_000283.png,0.00,-1
284,64.516,images/flight_000284.png,0.00,-1
285,64.730,images/flight_000285.png,0.00,-1
286,64.941,images/flight_000286.png,0.00,-1
